SCH001,member2,pt03,31/05/2026,17:30,Plank|Lat Pulldown,Not Started
SCH002,member4,pt01,06/06/2026,16:30,Yoga|Lunges,Not Started
SCH003,member3,pt02,28/05/2026,15:30,Lunges|Squats,Not Started
SCH004,member4,pt03,09/05/2026,08:00,Dumbbell Curl,Completed
SCH005,member3,pt02,02/05/2026,19:00,Push ups|Lat Pulldown|Burpees,Completed
SCH006,member3,pt03,08/06/2026,18:00,Cardio 30 mins,Not Started
SCH007,member5,pt02,02/06/2026,15:30,Bench Press|Plank,Not Started
SCH008,member5,pt03,15/06/2026,08:00,Yoga|Deadlift|Squats,Not Started
SCH009,member5,pt01,23/05/2026,06:00,Plank|Lunges,Completed
SCH010,member1,pt01,03/05/2026,17:30,Yoga|Cardio 30 mins,Completed
SCH011,member3,pt01,31/05/2026,19:00,Push ups,Not Started
SCH012,member5,pt01,05/06/2026,06:00,Treadmill Running,Not Started
SCH013,member3,pt02,29/05/2026,19:00,Leg Press|Cycling,Not Started
SCH014,member1,pt02,07/06/2026,08:00,Plank|Push ups,Not Started
SCH015,member1,pt02,25/05/2026,14:00,Lat Pulldown|Cycling|Squats,In Progress
SCH016,member1,pt01,24/05/2026,16:30,Yoga,Completed
SCH017,member4,pt01,06/06/2026,15:30,Cycling|Plank,Not Started
SCH018,member3,pt01,13/05/2026,18:30,Burpees|Push ups,Completed
SCH019,member5,pt03,05/06/2026,16:00,Pull ups|Plank,Not Started
SCH020,member3,pt03,11/05/2026,08:00,Dumbbell Curl|Pull ups|Plank,Completed
SCH021,member1,pt03,05/05/2026,19:00,Lat Pulldown|Pull ups|Bench Press,Completed
SCH022,member3,pt01,22/05/2026,16:30,Lunges|Cycling|Lat Pulldown,Completed
SCH023,member5,pt03,12/05/2026,06:00,Yoga,Completed
SCH024,member3,pt01,02/06/2026,18:00,Bench Press|Push ups|Lunges,Not Started
SCH025,member3,pt01,22/05/2026,09:30,Dumbbell Curl,Completed
SCH026,member2,pt03,07/06/2026,18:00,Deadlift|Treadmill Running|Push ups,Not Started
SCH027,member2,pt01,25/05/2026,09:30,Plank|Push ups,Not Started
SCH028,member1,pt01,01/06/2026,19:00,Deadlift|Lat Pulldown,Not Started
SCH029,member5,pt02,24/05/2026,15:30,Lat Pulldown|Plank,Absent
SCH030,member5,pt03,29/05/2026,17:30,Bench Press|Leg Press|Treadmill Running,Not Started
SCH031,member2,pt02,15/06/2026,07:30,Cycling,Not Started
SCH032,member4,pt01,11/05/2026,15:30,Yoga,Completed
SCH033,member5,pt02,01/05/2026,18:30,Deadlift|Cycling|Treadmill Running,Completed
SCH034,member5,pt03,10/05/2026,18:00,Bench Press|Push ups,Completed
SCH035,member4,pt01,01/06/2026,17:30,Lunges|Cycling|Squats,Not Started
SCH036,member4,pt01,24/05/2026,07:30,Cardio 30 mins|Deadlift|Leg Press,Completed
SCH037,member4,pt03,22/05/2026,17:30,Pull ups|Bench Press,Absent
SCH038,member2,pt03,17/05/2026,20:00,Leg Press|Lunges|Yoga,Completed
SCH039,member5,pt01,07/06/2026,09:30,Leg Press|Treadmill Running|Pull ups,Not Started
SCH040,member4,pt02,31/05/2026,16:00,Cardio 30 mins,Not Started
SCH041,member1,pt03,01/05/2026,20:00,Push ups,Absent
SCH042,member4,pt01,09/05/2026,07:30,Lat Pulldown,Completed
SCH043,member1,pt02,09/06/2026,08:00,Pull ups,Not Started
SCH044,member3,pt03,03/06/2026,09:30,Treadmill Running,Not Started
SCH045,member1,pt03,08/05/2026,16:30,Push ups,Completed
SCH046,member3,pt01,06/06/2026,06:00,Leg Press|Lat Pulldown,Not Started
SCH047,member5,pt02,12/05/2026,08:00,Deadlift|Cardio 30 mins,Completed
SCH048,member3,pt01,14/06/2026,16:00,Lat Pulldown,Not Started
SCH049,member5,pt02,20/05/2026,18:30,Plank|Deadlift|Burpees,Completed
SCH050,member3,pt03,11/05/2026,19:00,Squats|Lat Pulldown|Treadmill Running,Completed
SCH051,member5,pt02,13/06/2026,16:00,Push ups|Leg Press|Cycling,Not Started
SCH052,member4,pt02,03/06/2026,08:00,Deadlift,Not Started
SCH053,member1,pt03,28/05/2026,18:00,Yoga|Cardio 30 mins,Not Started
SCH054,member5,pt02,04/05/2026,08:00,Yoga|Squats,Completed
SCH055,member2,pt03,07/05/2026,09:30,Lunges,Completed
SCH056,member5,pt03,02/05/2026,08:00,Burpees|Bench Press|Squats,Completed
SCH057,member1,pt03,08/05/2026,15:30,Yoga|Squats,Completed
SCH058,member1,pt01,13/05/2026,08:00,Pull ups|Plank,Completed
SCH059,member2,pt01,03/05/2026,15:30,Cycling|Dumbbell Curl,Completed
SCH060,member1,pt02,09/06/2026,20:00,Deadlift|Pull ups|Yoga,Not Started
SCH061,member5,pt01,20/05/2026,20:00,Bench Press|Deadlift|Squats,Completed
SCH062,member3,pt01,01/06/2026,18:00,Squats|Burpees,Not Started
SCH063,member1,pt02,07/06/2026,20:00,Lat Pulldown|Plank|Treadmill Running,Not Started
SCH064,member3,pt03,08/05/2026,09:30,Deadlift|Cardio 30 mins,Completed
SCH065,member5,pt01,16/05/2026,09:30,Cycling|Leg Press,Absent
SCH066,member3,pt02,13/05/2026,09:30,Lunges,Completed
SCH067,member2,pt02,28/05/2026,18:00,Cycling|Lat Pulldown,Not Started
SCH068,member1,pt03,02/05/2026,16:00,Plank,Completed
SCH069,member4,pt03,06/06/2026,16:00,Treadmill Running,Not Started
SCH070,member1,pt01,06/05/2026,09:30,Push ups,Completed
SCH071,member4,pt02,06/06/2026,08:00,Lat Pulldown|Pull ups,Not Started
SCH072,member2,pt03,02/05/2026,14:00,Lunges,Absent
SCH073,member2,pt03,21/05/2026,15:30,Yoga|Deadlift,Completed
SCH074,member4,pt01,31/05/2026,18:00,Lat Pulldown|Lunges,Not Started
SCH075,member3,pt01,13/06/2026,19:00,Squats|Cardio 30 mins,Not Started
SCH076,member2,pt02,14/05/2026,18:00,Treadmill Running,Completed
SCH077,member3,pt03,22/05/2026,06:00,Bench Press|Lat Pulldown|Plank,Completed
SCH078,member5,pt01,13/05/2026,07:30,Deadlift|Treadmill Running|Squats,Completed
SCH079,member4,pt01,07/05/2026,16:00,Leg Press|Bench Press|Push ups,Completed
SCH080,member4,pt02,12/05/2026,15:30,Leg Press|Squats|Deadlift,Absent
SCH081,member4,pt03,02/05/2026,08:00,Squats,Completed
SCH082,member1,pt01,13/06/2026,09:30,Plank|Lat Pulldown|Bench Press,Not Started
SCH083,member1,pt01,04/05/2026,18:00,Deadlift,Absent
SCH084,member4,pt01,11/05/2026,19:00,Push ups|Squats|Leg Press,Completed
SCH085,member5,pt03,16/05/2026,18:30,Lat Pulldown|Leg Press|Pull ups,Completed
SCH086,member3,pt02,07/05/2026,18:30,Squats|Cycling,Completed
SCH087,member5,pt03,12/06/2026,17:30,Deadlift|Leg Press|Lat Pulldown,Not Started
SCH088,member5,pt02,23/05/2026,16:00,Plank|Yoga,Completed
SCH089,member5,pt02,14/06/2026,16:00,Dumbbell Curl|Bench Press|Leg Press,Not Started
SCH090,member3,pt02,15/06/2026,18:00,Leg Press,Not Started
SCH091,member5,pt01,24/05/2026,14:00,Leg Press|Treadmill Running,Completed
SCH092,member3,pt03,17/05/2026,08:00,Treadmill Running,Completed
SCH093,member4,pt02,04/05/2026,18:30,Dumbbell Curl|Pull ups,Completed
SCH094,member1,pt02,01/06/2026,18:30,Cycling,Not Started
SCH095,member2,pt01,06/05/2026,17:30,Dumbbell Curl,Completed
SCH096,member1,pt03,12/06/2026,19:00,Leg Press|Yoga|Pull ups,Not Started
SCH097,member2,pt01,11/05/2026,20:00,Lat Pulldown|Cardio 30 mins|Bench Press,Absent
SCH098,member1,pt03,21/05/2026,20:00,Burpees|Deadlift|Push ups,Completed
SCH099,member5,pt03,17/05/2026,16:30,Lat Pulldown,Completed
SCH100,member5,pt02,13/05/2026,09:30,Lat Pulldown|Plank,Completed
SCH101,member3,pt03,17/05/2026,16:30,Cycling|Bench Press|Squats,Completed
SCH102,member1,pt02,03/06/2026,09:30,Leg Press,Not Started
SCH103,member3,pt01,15/06/2026,14:00,Squats|Deadlift|Leg Press,Not Started
SCH104,member3,pt01,02/05/2026,18:00,Cycling|Cardio 30 mins|Treadmill Running,Completed
SCH105,member4,pt03,01/05/2026,19:00,Push ups,Completed
SCH106,member1,pt03,12/05/2026,06:00,Cycling,Completed
SCH107,member5,pt02,10/05/2026,16:00,Lunges|Plank,Completed
SCH108,member1,pt03,18/05/2026,19:00,Yoga|Lat Pulldown|Plank,Completed
SCH109,member5,pt01,26/05/2026,15:30,Treadmill Running|Lunges,Not Started
SCH110,member2,pt01,12/05/2026,16:30,Leg Press|Treadmill Running,Completed
SCH111,member1,pt02,24/05/2026,07:30,Push ups|Lat Pulldown,Completed
SCH112,member3,pt02,22/05/2026,18:00,Bench Press,Completed
SCH113,member2,pt02,15/06/2026,18:00,Cycling|Pull ups|Bench Press,Not Started
SCH114,member3,pt02,18/05/2026,17:30,Squats,Completed
SCH115,member4,pt03,04/05/2026,06:00,Pull ups|Plank|Push ups,Completed
SCH116,member1,pt01,31/05/2026,16:00,Lat Pulldown,Not Started
SCH117,member2,pt03,10/05/2026,14:00,Pull ups|Burpees|Bench Press,Completed
SCH118,member4,pt01,03/06/2026,17:30,Burpees|Dumbbell Curl|Leg Press,Not Started
SCH119,member4,pt01,08/05/2026,08:00,Squats,Absent
SCH120,member4,pt03,12/05/2026,19:00,Lat Pulldown|Squats|Dumbbell Curl,Absent
SCH121,member1,pt01,22/05/2026,16:00,Push ups|Deadlift,Completed
SCH122,member5,pt02,11/06/2026,16:30,Pull ups|Cycling,Not Started
SCH123,member3,pt01,16/05/2026,19:00,Pull ups|Push ups|Lat Pulldown,Completed
SCH124,member1,pt01,09/05/2026,18:30,Push ups|Yoga,Completed
SCH125,member4,pt01,07/06/2026,06:00,Lunges|Cycling|Dumbbell Curl,Not Started
SCH126,member4,pt02,06/06/2026,20:00,Bench Press|Burpees,Not Started
SCH127,member2,pt03,31/05/2026,08:00,Lat Pulldown|Squats,Not Started
SCH128,member4,pt03,11/05/2026,16:30,Pull ups,Completed
SCH129,member1,pt01,18/05/2026,17:30,Deadlift,Completed
SCH130,member1,pt01,14/05/2026,14:00,Yoga|Bench Press|Treadmill Running,Completed
SCH131,member4,pt02,04/06/2026,06:00,Deadlift|Yoga|Plank,Not Started
SCH132,member5,pt02,08/06/2026,09:30,Dumbbell Curl|Squats|Deadlift,Not Started
SCH133,member4,pt02,26/05/2026,18:00,Plank|Burpees,Not Started
SCH134,member5,pt03,29/05/2026,14:00,Burpees|Deadlift|Lunges,Not Started
SCH135,member2,pt02,30/05/2026,18:30,Yoga|Bench Press|Dumbbell Curl,Not Started
SCH136,member3,pt03,13/06/2026,07:30,Lat Pulldown,Not Started
SCH137,member2,pt02,17/05/2026,06:00,Bench Press|Yoga|Dumbbell Curl,Completed
SCH138,member4,pt02,10/05/2026,14:00,Deadlift|Cardio 30 mins|Cycling,Completed
SCH139,member3,pt03,02/06/2026,20:00,Yoga|Deadlift,Not Started
SCH140,member3,pt03,08/05/2026,07:30,Burpees|Push ups,Completed
SCH141,member3,pt01,15/06/2026,18:30,Squats|Lat Pulldown|Cycling,Not Started
SCH142,member5,pt03,14/06/2026,18:00,Deadlift,Not Started
SCH143,member4,pt03,12/05/2026,19:00,Treadmill Running|Squats,Absent
SCH144,member3,pt02,05/05/2026,17:30,Treadmill Running|Lat Pulldown|Leg Press,Completed
SCH145,member4,pt03,02/06/2026,19:00,Dumbbell Curl|Squats,Not Started
SCH146,member4,pt03,17/05/2026,20:00,Pull ups|Lat Pulldown|Yoga,Completed
SCH147,member1,pt02,07/05/2026,08:00,Treadmill Running|Squats|Push ups,Completed
SCH148,member2,pt01,21/05/2026,20:00,Push ups,Completed
SCH149,member2,pt02,11/05/2026,07:30,Leg Press|Squats|Cycling,Completed
SCH150,member4,pt03,02/05/2026,18:30,Leg Press|Yoga|Cycling,Completed
SCH151,member4,pt02,06/05/2026,07:30,Pull ups|Plank,Completed
SCH152,member1,pt01,20/05/2026,18:00,Lunges|Yoga|Push ups,Completed
SCH153,member4,pt02,12/06/2026,16:00,Lat Pulldown|Push ups|Bench Press,Not Started
SCH154,member4,pt03,19/05/2026,16:30,Lunges,Completed
SCH155,member3,pt02,19/05/2026,06:00,Dumbbell Curl|Burpees|Lat Pulldown,Completed
SCH156,member2,pt02,02/06/2026,16:00,Lat Pulldown|Lunges|Push ups,Not Started
SCH157,member5,pt01,09/05/2026,20:00,Cycling|Dumbbell Curl|Bench Press,Absent
SCH158,member2,pt02,29/05/2026,16:00,Leg Press,Not Started
SCH159,member1,pt02,08/05/2026,06:00,Bench Press,Completed
SCH160,member1,pt01,07/05/2026,14:00,Lunges|Pull ups|Burpees,Completed
SCH161,member1,pt02,20/05/2026,16:30,Cycling|Pull ups,Completed
SCH162,member4,pt02,01/06/2026,17:30,Dumbbell Curl|Lunges,Not Started
SCH163,member5,pt01,07/05/2026,08:00,Deadlift,Completed
SCH164,member2,pt02,25/05/2026,09:30,Burpees|Leg Press,Not Started
SCH165,member3,pt02,08/06/2026,15:30,Treadmill Running,Not Started
SCH166,member2,pt01,21/05/2026,16:00,Push ups|Bench Press,Completed
SCH167,member4,pt01,27/05/2026,16:30,Pull ups|Dumbbell Curl,Not Started
SCH168,member5,pt02,01/06/2026,18:30,Bench Press,Not Started
SCH169,member4,pt02,25/05/2026,18:30,Lunges|Treadmill Running,Not Started
SCH170,member5,pt02,11/05/2026,14:00,Lunges,Absent
SCH171,member3,pt03,27/05/2026,15:30,Deadlift,Not Started
SCH172,member3,pt02,10/06/2026,18:00,Deadlift|Squats,Not Started
SCH173,member5,pt02,20/05/2026,14:00,Lat Pulldown,Completed
SCH174,member5,pt03,20/05/2026,20:00,Treadmill Running|Lat Pulldown,Completed
SCH175,member5,pt01,22/05/2026,18:30,Lat Pulldown|Leg Press,Completed
SCH176,member2,pt01,02/06/2026,14:00,Push ups|Yoga,Not Started
SCH177,member5,pt01,26/05/2026,08:00,Bench Press|Dumbbell Curl|Pull ups,Not Started
SCH178,member3,pt03,13/05/2026,06:00,Burpees,Completed
SCH179,member3,pt02,26/05/2026,07:30,Cardio 30 mins|Leg Press|Push ups,Not Started
SCH180,member5,pt03,13/05/2026,06:00,Bench Press|Cardio 30 mins|Yoga,Completed
SCH181,member4,pt01,31/05/2026,17:30,Dumbbell Curl,Not Started
SCH182,member4,pt01,23/05/2026,18:00,Burpees|Plank|Squats,Completed
SCH183,member2,pt02,11/06/2026,09:30,Cardio 30 mins|Yoga|Bench Press,Not Started
SCH184,member4,pt02,01/06/2026,09:30,Burpees|Treadmill Running,Not Started
SCH185,member1,pt02,07/06/2026,18:30,Cardio 30 mins|Dumbbell Curl|Pull ups,Not Started
SCH186,member5,pt02,04/06/2026,08:00,Leg Press,Not Started
SCH187,member5,pt02,11/06/2026,08:00,Squats|Plank,Not Started
SCH188,member1,pt02,10/06/2026,19:00,Plank|Treadmill Running|Pull ups,Not Started
SCH189,member2,pt03,27/05/2026,19:00,Lat Pulldown,Not Started
SCH190,member5,pt01,29/05/2026,14:00,Deadlift|Treadmill Running|Yoga,Not Started
SCH191,member5,pt01,01/06/2026,06:00,Lat Pulldown|Treadmill Running|Yoga,Not Started
SCH192,member3,pt03,07/05/2026,06:00,Lat Pulldown,Completed
SCH193,member4,pt03,05/06/2026,16:00,Push ups,Not Started
SCH194,member5,pt03,10/06/2026,15:30,Pull ups|Push ups,Not Started
SCH195,member3,pt02,12/06/2026,19:00,Dumbbell Curl|Bench Press,Not Started
SCH196,member5,pt03,05/05/2026,16:30,Burpees|Yoga|Leg Press,Absent
SCH197,member3,pt01,15/06/2026,18:00,Leg Press|Push ups,Completed
SCH198,member3,pt02,06/06/2026,08:00,Burpees|Lunges,Not Started
SCH199,member5,pt02,08/05/2026,16:00,Burpees|Treadmill Running,Completed
SCH200,member4,pt01,08/06/2026,16:30,Plank,Not Started
